id,title_en,title_zh,authors,doi,year,date_added,last_verified,evidence_strength,evidence_applicability,review_status,source_type,source_url,journal_organization,journal_impact_factor,intervention_studied,study_design_sample,nutrition_topics,outcomes,population,sports,training_context,safety_admin_flags
EV-001,2023 IOC consensus statement on Relative Energy Deficiency in Sport (REDs),2023年國際奧會（IOC）關於運動相對能量不足（REDs）之共識聲明,"Mountjoy M, Ackerman KE, Bailey DM, Burke LM, Constantini N, Hackney AC, Heikura IA, Melin A, Pensgaard AM, Stellingwerff T, Sundgot-Borgen JK, Torstveit MK, Jacobsen AU, Verhagen E, Budgett R, Engebretsen L, Erdener U",https://doi.org/10.1136/bjsports-2023-106994,2023,2026-08-30,2026-08-30,high,partially-direct,verified,expert_consensus,https://pubmed.ncbi.nlm.nih.gov/37752011/,British Journal of Sports Medicine,15.5,"No intervention tested; synthesizes REDs pathophysiology, health/performance consequences, screening (REDs CAT2) and risk-management model across sports and sexes",IOC expert working group consensus synthesizing the REDs mechanistic and clinical literature (no single primary sample),"RED-S-low-energy-availability, adolescent-growth, energy-requirements","bone-health, injury-risk, menstrual-endocrine-function, performance","adolescent, adult, competitive-athlete, elite-athlete, female, male",general-sports,general-not-context-specific,"minor-safety, verified"
EV-002,American College of Sports Medicine Joint Position Statement: Nutrition and Athletic Performance,美國運動醫學會（ACSM）聯合立場聲明：營養與運動表現,"Thomas DT, Erdman KA, Burke LM",https://doi.org/10.1249/mss.0000000000000852,2016,2026-08-30,2026-08-30,high,partially-direct,verified,official_guideline,https://pubmed.ncbi.nlm.nih.gov/26891166/,Medicine & Science in Sports & Exercise (joint ACSM / Academy of Nutrition and Dietetics / Dietitians of Canada statement),6.3,"No intervention tested; provides reference ranges for energy, macronutrient, fluid and micronutrient needs for athletes",Joint expert position statement synthesizing the sports nutrition evidence base (no single primary sample),"carbohydrate, competition-day-nutrition, energy-requirements, fat, hydration, protein","body-composition, performance, recovery","adult, competitive-athlete, elite-athlete",general-sports,general-not-context-specific,verified
EV-003,International Society of Sports Nutrition Position Stand: Protein and Exercise,國際運動營養學會（ISSN）立場聲明：蛋白質與運動,"Jäger R, Kerksick CM, Campbell BI, Cribb PJ, Wells SD, Skwiat TM, Purpura M, Ziegenfuss TN, Ferrando AA, Arent SM, Smith-Ryan AE, Stout JR, Arciero PJ, Ormsbee MJ, Taylor LW, Wilborn CD, Kalman DS, Kreider RB, Willoughby DS, Hoffman JR, Krzykowski JL, Antonio J",https://doi.org/10.1186/s12970-017-0177-8,2017,2026-08-30,2026-08-30,high,indirect,verified,expert_consensus,https://pubmed.ncbi.nlm.nih.gov/28642676/,Journal of the International Society of Sports Nutrition,4.9,"No new intervention; synthesizes dose, timing and source of protein intake for muscle protein synthesis and adaptation",ISSN expert position stand synthesizing protein-and-exercise RCT/meta-analysis literature (mostly adult samples),protein,"body-composition, performance, recovery","adult, competitive-athlete",general-sports,"general-not-context-specific, post-training","adult-evidence-applied-to-minors, needs-review"
EV-004,International Society of Sports Nutrition Position Stand: Nutrient Timing,國際運動營養學會（ISSN）立場聲明：營養攝取時機,"Kerksick CM, Arent S, Schoenfeld BJ, Stout JR, Campbell B, Wilborn CD, Taylor L, Kalman D, Smith-Ryan AE, Kreider RB, Willoughby D, Arciero PJ, VanDusseldorp TA, Ormsbee MJ, Wildman R, Greenwood M, Ziegenfuss TN, Aragon AA, Antonio J",https://doi.org/10.1186/s12970-017-0189-4,2017,2026-08-30,2026-08-30,moderate,indirect,verified,expert_consensus,https://pubmed.ncbi.nlm.nih.gov/28919842/,Journal of the International Society of Sports Nutrition,4.9,No new intervention; synthesizes timing of carbohydrate/protein intake relative to exercise bouts,ISSN expert position stand synthesizing nutrient-timing RCT literature (predominantly adult samples),"carbohydrate, during-training-nutrition, post-training-recovery, pre-training-nutrition, protein","body-composition, performance, recovery","adult, competitive-athlete",general-sports,"during-training, post-training, pre-training","adult-evidence-applied-to-minors, needs-review"
EV-005,"International Society of Sports Nutrition Position Stand: Safety and Efficacy of Creatine Supplementation in Exercise, Sport, and Medicine",國際運動營養學會（ISSN）立場聲明：肌酸補充於運動與醫學的安全性與效果,"Kreider RB, Kalman DS, Antonio J, Ziegenfuss TN, Wildman R, Collins R, Candow DG, Kleiner SM, Almada AL, Lopez HL",https://doi.org/10.1186/s12970-017-0173-z,2017,2026-08-30,2026-08-30,moderate,indirect,verified,expert_consensus,https://pubmed.ncbi.nlm.nih.gov/28615996/,Journal of the International Society of Sports Nutrition,4.9,No new intervention; reviews safety/efficacy data on oral creatine monohydrate supplementation,ISSN expert position stand synthesizing creatine RCT literature (predominantly adult samples),protein,"body-composition, performance, safety-side-effects","adult, competitive-athlete",general-sports,general-not-context-specific,"adult-evidence-applied-to-minors, needs-review"
EV-006,International Society of Sports Nutrition Position Stand: Tactical Athlete Nutrition,國際運動營養學會（ISSN）立場聲明：戰術型工作者（軍警消）營養,"Gonzalez DE, McAllister MJ, Waldman HS, Ferrando AA, Joyce J, Barringer ND, Dawes JJ, Kieffer AJ, Harvey T, Kerksick CM, Stout JR, Ziegenfuss TN, Zapp A, Tartal JL, Heileson JL, VanDusseldorp TA, Kalman DS, Campbell BI, Antonio J, Kreider RB",https://doi.org/10.1080/15502783.2022.2086017,2022,2026-08-30,2026-08-30,moderate,indirect,verified,expert_consensus,https://pmc.ncbi.nlm.nih.gov/articles/PMC9261739/,Journal of the International Society of Sports Nutrition,4.9,"No new intervention; synthesizes energy, hydration, and recovery nutrition needs for occupational tactical populations","ISSN expert position stand on nutrition for military/law-enforcement/firefighter (""tactical"") populations, not sport athletes","energy-requirements, hydration, protein","body-composition, injury-risk, performance",adult,general-sports,general-not-context-specific,needs-review
EV-007,International Society of Sports Nutrition Position Stand: Nutritional Concerns of the Female Athlete,國際運動營養學會（ISSN）立場聲明：女性運動員的營養議題,"Sims ST, Kerksick CM, Smith-Ryan AE, Janse de Jonge XAK, Hirsch KR, Arent SM, Hewlings SJ, Kleiner SM, Bustillo E, Tartar JL, Starratt VG, Kreider RB, Greenwalt C, Rentería LI, Ormsbee MJ, VanDusseldorp TA, Campbell BI, Kalman DS, Antonio J",https://doi.org/10.1080/15502783.2023.2204066,2023,2026-08-30,2026-08-30,high,partially-direct,verified,expert_consensus,https://pmc.ncbi.nlm.nih.gov/articles/PMC9930871/,Journal of the International Society of Sports Nutrition,4.9,"No new intervention; synthesizes menstrual-cycle, RED-S, iron, and energy-availability considerations specific to female athletes",ISSN expert position stand synthesizing female-athlete nutrition literature (mostly adult women; some adolescent discussion),"RED-S-low-energy-availability, adolescent-growth, energy-requirements, iron-micronutrients","bone-health, menstrual-endocrine-function, performance","adolescent, adult, competitive-athlete, female",general-sports,general-not-context-specific,"minor-safety, verified"
EV-008,American College of Sports Medicine Position Stand: Exercise and Fluid Replacement,美國運動醫學會（ACSM）立場聲明：運動與水分補充,"Sawka MN, Burke LM, Eichner ER, Maughan RJ, Montain SJ, Stachenfeld NS",https://doi.org/10.1249/mss.0b013e31802ca597,2007,2026-08-30,2026-08-30,high,partially-direct,verified,official_guideline,https://pubmed.ncbi.nlm.nih.gov/17277604/,Medicine & Science in Sports & Exercise,6.3,No new intervention; synthesizes fluid/electrolyte balance physiology and hydration strategy recommendations around exercise,ACSM expert position stand synthesizing hydration/fluid-balance exercise physiology literature (predominantly adult samples),"during-training-nutrition, electrolytes, hydration","hydration-status, performance, safety-side-effects","adult, competitive-athlete",general-sports,"during-training, post-training, pre-training","adult-evidence-applied-to-minors, minor-safety, verified"
EV-009,Promotion of Healthy Weight-Control Practices in Young Athletes,在年輕運動員中促進健康的體重控制行為,"Carl RL, Johnson MD, Martin TJ; Council on Sports Medicine and Fitness (LaBella CR, Brooks MA, Diamond A, Hennrikus W, LaBotz M, Logan K, Loud KJ, Moffatt KA, Nemeth B, Pengel B, Peterson A)",https://doi.org/10.1542/peds.2017-1871,2017,2026-08-30,2026-08-30,high,direct,verified,official_guideline,https://pubmed.ncbi.nlm.nih.gov/28827381/,Pediatrics (American Academy of Pediatrics),8.0,No new intervention; provides clinical guidance on safe weight management and red flags for disordered eating/RWL in youth sport,AAP clinical report synthesizing pediatric sports-medicine and eating-disorder literature (adolescent-specific),"adolescent-growth, rapid-weight-loss, weight-management","body-composition, disordered-eating-risk, injury-risk","adolescent, children",general-sports,general-not-context-specific,"minor-safety, rapid-weight-loss, verified"
EV-010,Scientific Opinion on Dietary Reference Values for Water,關於水分飲食參考值之科學意見,"EFSA Panel on Dietetic Products, Nutrition and Allergies (NDA)",https://doi.org/10.2903/j.efsa.2010.1459,2010,2026-08-30,2026-08-30,high,partially-direct,verified,official_guideline,https://doi.org/10.2903/j.efsa.2010.1459,EFSA Journal (European Food Safety Authority),,No intervention tested; sets total-water adequate-intake reference values by age/sex for the general (non-athlete) European population,"Regulatory scientific opinion synthesizing water-balance and hydration research for the general population, including reference values by age group",hydration,hydration-status,"adolescent, adult, children",general-sports,general-not-context-specific,verified
EV-011,Role of Nutrition Education in Preventing Low Energy Availability Among Adolescent Female Athletes: A Scoping Review,營養教育在預防青少年女性運動員低能量可用性中的角色：範圍式回顧,"Muslichah R, Styles SE, Matkin-Hussey PA, Love TD, Black KE",https://doi.org/10.1093/nutrit/nuag032,2026,2026-08-30,2026-08-30,moderate,direct,verified,scoping_review,https://doi.org/10.1093/nutrit/nuag032,Nutrition Reviews,6.3,Nutrition education interventions aimed at preventing/reducing low energy availability in adolescent female athletes,Scoping review of nutrition education interventions targeting low energy availability specifically in adolescent female athletes,"RED-S-low-energy-availability, adolescent-growth, energy-requirements","knowledge-behavior, menstrual-endocrine-function","adolescent, female",general-sports,general-not-context-specific,"minor-safety, verified"
EV-012,The Practice of Weight Loss in Combat Sports Athletes: A Systematic Review,格鬥類運動員的減重實踐：系統性回顧,"Zhong Y, Song Y, Artioli GG, Gee TI, French DN, Zheng H, Lyu M, Li Y",https://doi.org/10.3390/nu16071050,2024,2026-08-30,2026-08-30,moderate,indirect,verified,systematic_review,https://doi.org/10.3390/nu16071050,Nutrients,4.8,"Observational synthesis of methods, magnitude, and frequency of weight-loss practices used by combat-sport athletes to make weight","Systematic review of weight-loss practices in weight-category combat sports (e.g., wrestling, judo, taekwondo, boxing) — not fencing","rapid-weight-loss, weight-management","body-composition, injury-risk, performance","adult, competitive-athlete, elite-athlete",general-sports,competition-day,"minor-safety, rapid-weight-loss, verified"
EV-013,Patterns of Weight Cycling in Youth Olympic Combat Sports: A Systematic Review,青少年奧林匹克格鬥類運動中的體重循環模式：系統性回顧,"Lakicevic N, Matthews JJ, Artioli GG, Paoli A, Roklicer R, Trivic T, Bianco A, Drid P",https://doi.org/10.1186/s40337-022-00595-w,2022,2026-08-30,2026-08-30,moderate,indirect,verified,systematic_review,https://doi.org/10.1186/s40337-022-00595-w,Journal of Eating Disorders,4.5,Observational synthesis of weight-cycling frequency/methods among youth combat-sport athletes,Systematic review of weight-cycling patterns specifically in youth (adolescent) Olympic combat-sport athletes — not fencing,"adolescent-growth, rapid-weight-loss, weight-management","body-composition, disordered-eating-risk, injury-risk","adolescent, competitive-athlete",general-sports,competition-day,"minor-safety, rapid-weight-loss, verified"
EV-014,Prevalence of Disordered Eating in Athletes Categorized by Emphasis on Leanness and Activity Type: A Systematic Review,依體態強調程度與活動類型分類的運動員飲食失調盛行率：系統性回顧,"Mancine RP, Gusfa DW, Moshrefi A, Kennedy SF",https://doi.org/10.1186/s40337-020-00323-2,2020,2026-08-30,2026-08-30,moderate,partially-direct,verified,systematic_review,https://doi.org/10.1186/s40337-020-00323-2,Journal of Eating Disorders,4.5,No intervention; pools prevalence estimates of disordered eating across leanness-emphasized vs. non-leanness sports,Systematic review of disordered-eating prevalence across athlete groups categorized by leanness emphasis and activity type,"RED-S-low-energy-availability, weight-management",disordered-eating-risk,"adult, competitive-athlete",general-sports,general-not-context-specific,"minor-safety, verified"
EV-015,"A Systematic Review, Meta-analysis, and Meta-regression of the Prevalence of Self-reported Disordered Eating and Associated Factors Among Athletes Worldwide",全球運動員自報飲食失調盛行率及相關因素之系統性回顧、元分析與元回歸,"Ghazzawi HA, Nimer LS, Haddad AJ, Alhaj OA, Amawi AT, Pandi-Perumal SR, Trabelsi K, Seeman MV, Jahrami H",https://doi.org/10.1186/s40337-024-00982-5,2024,2026-08-30,2026-08-30,high,partially-direct,verified,meta_analysis,https://doi.org/10.1186/s40337-024-00982-5,Journal of Eating Disorders,4.5,"No intervention; pools global prevalence data and regresses disordered-eating rates on moderators (sex, sport type, competition level, region)","Systematic review, meta-analysis and meta-regression of self-reported disordered eating prevalence across a large global athlete sample","RED-S-low-energy-availability, weight-management",disordered-eating-risk,"adolescent, adult, competitive-athlete, elite-athlete, female, male, recreational-athlete",general-sports,general-not-context-specific,"minor-safety, verified"
EV-016,Energy and Macronutrients Intake in Indoor Sport Team Athletes: Systematic Review,室內團體運動員的熱量與巨量營養素攝取：系統性回顧,"Castillo M, Lozano-Casanova M, Sospedra I, Norte A, Gutiérrez-Herváis A, Martínez-Sanz JM",https://doi.org/10.3390/nu14224755,2022,2026-08-30,2026-08-30,moderate,partially-direct,verified,systematic_review,https://doi.org/10.3390/nu14224755,Nutrients,4.8,No intervention; compares reported dietary intake in indoor team-sport athletes against sport-nutrition reference recommendations,"Systematic review of energy/macronutrient intake studies in indoor team-sport athletes (basketball, handball, volleyball, futsal), mostly adult","carbohydrate, energy-requirements, protein","body-composition, performance","adult, competitive-athlete, elite-athlete",basketball,general-not-context-specific,verified
EV-017,Ergo-Nutritional Intervention in Basketball: A Systematic Review,篮球運動中的人體工學營養介入：系統性回顧,"Escribano-Ott I, Calleja-González J, Mielgo-Ayuso J",https://doi.org/10.3390/nu14030638,2022,2026-08-30,2026-08-30,moderate,partially-direct,verified,systematic_review,https://doi.org/10.3390/nu14030638,Nutrients,4.8,"Various nutrition/ergogenic interventions (carbohydrate, protein, hydration strategies) tested in basketball players","Systematic review of nutrition/ergogenic-aid intervention studies in basketball players, predominantly adult","carbohydrate, hydration, post-training-recovery, protein","fatigue, performance, recovery","adult, competitive-athlete, elite-athlete",basketball,"during-training, post-training, pre-training",verified
EV-018,Practical Application and Methodological Considerations on the Basics of Sports Nutrition in Basketball: A Comprehensive Systematic Review,篮球基礎運動營養學的實務應用與方法學考量：全面性系統性回顧,"Nowaczyk PM, Adamczewski J, Durkalec-Michalski K",https://doi.org/10.3390/nu15204484,2023,2026-08-30,2026-08-30,moderate,partially-direct,verified,systematic_review,https://doi.org/10.3390/nu15204484,Nutrients,4.8,"Reviews basketball-specific energy expenditure, macronutrient intake, and hydration studies; evaluates methodological quality of the field",Comprehensive systematic review of observational and interventional basketball-nutrition studies,"carbohydrate, energy-requirements, hydration, protein","body-composition, performance","adult, competitive-athlete, elite-athlete",basketball,general-not-context-specific,verified
EV-019,The Impact of Sleep Interventions on Athletic Performance: A Systematic Review,睡眠介入對運動表現的影響：系統性回顧,"Cunha LA, Costa JA, Marques EA, Brito J, Lastella M, Figueiredo P",https://doi.org/10.1186/s40798-023-00599-z,2023,2026-08-30,2026-08-30,moderate,partially-direct,verified,systematic_review,https://doi.org/10.1186/s40798-023-00599-z,Sports Medicine - Open,5.9,"Sleep-extension, sleep-hygiene education, and napping interventions tested against athletic performance outcomes","Systematic review of sleep-intervention (extension, hygiene, napping) trials and their effect on athletic performance, mostly adult/collegiate athletes",sleep-and-recovery,"fatigue, performance, recovery","adult, competitive-athlete, elite-athlete",general-sports,general-not-context-specific,verified
EV-020,Restoration of Muscle Glycogen and Functional Capacity: Role of Post-Exercise Carbohydrate and Protein Co-Ingestion,肌肌糖原與功能性容量的恢復：運動後碳水化合物與蛋白質共同攝取的角色,"Alghannam AF, Gonzalez JT, Betts JA",https://doi.org/10.3390/nu10020253,2018,2026-08-30,2026-08-30,moderate,indirect,verified,narrative_review,https://doi.org/10.3390/nu10020253,Nutrients,4.8,"Carbohydrate-only vs. carbohydrate+protein co-ingestion after exercise, effect on glycogen resynthesis rate and next-session capacity","Narrative review of post-exercise glycogen resynthesis physiology and carbohydrate+protein co-ingestion trials, mostly adult","carbohydrate, post-training-recovery, protein","performance, recovery","adult, competitive-athlete",general-sports,post-training,needs-review
EV-021,The Effect of Consuming Carbohydrate With and Without Protein on the Rate of Muscle Glycogen Re-synthesis During Short-Term Post-exercise Recovery: A Systematic Review and Meta-analysis,短期運動後恢復中，攝取碳水化合物搭配或不搭配蛋白質對肌肌糖原再合成速率的影響：系統性回顧與元分析,"Craven J, Desbrow B, Sabapathy S, Bellinger P, McCartney D, Irwin C",https://doi.org/10.1186/s40798-020-00297-0,2021,2026-08-30,2026-08-30,high,indirect,verified,meta_analysis,https://doi.org/10.1186/s40798-020-00297-0,Sports Medicine - Open,5.9,"Carbohydrate-only vs. carbohydrate+protein co-ingestion, pooled effect on glycogen resynthesis rate","Systematic review and meta-analysis of RCTs comparing carbohydrate-only vs. carbohydrate+protein on short-term glycogen resynthesis, mostly adult trained males","carbohydrate, post-training-recovery, protein",recovery,"adult, competitive-athlete",general-sports,post-training,needs-review
EV-022,Nutritional Strategies to Improve Post-exercise Recovery and Subsequent Exercise Performance: A Narrative Review,提升運動後彩復與後續運動表現的營養策略：敘述性回顧,"Naderi A, Rothschild JA, Santos HO, Hamidvand A, Koozehchian MS, Ghazzagh A, Berjisian E, Podlogar T",https://doi.org/10.1007/s40279-025-02213-6,2025,2026-08-30,2026-08-30,moderate,partially-direct,verified,narrative_review,https://doi.org/10.1007/s40279-025-02213-6,Sports Medicine,11.0,"No new intervention; synthesizes evidence on carbohydrate/protein refeeding, fluid replacement, and sleep as recovery levers","Narrative review synthesizing post-exercise recovery nutrition strategies (carbohydrate, protein, fluid, sleep) across the exercise-science literature, mostly adult","carbohydrate, hydration, post-training-recovery, protein, sleep-and-recovery","fatigue, performance, recovery","adult, competitive-athlete",general-sports,post-training,verified
EV-023,Carbohydrate Consumption and Periodization Strategies Applied to Elite Soccer Players,適用於頸尖足球選手的碳水化合物攝取與周期化策略,Fernandes HS,https://doi.org/10.1007/s13668-020-00338-w,2020,2026-08-30,2026-08-30,moderate,partially-direct,verified,narrative_review,https://doi.org/10.1007/s13668-020-00338-w,Current Nutrition Reports,4.6,No new intervention; synthesizes carbohydrate periodization approaches matched to soccer training/match load,Narrative review of carbohydrate periodization research in elite (adult) soccer players,"carbohydrate, competition-day-nutrition, pre-training-nutrition","fatigue, performance","adult, elite-athlete",soccer,"competition-day, pre-training",verified
EV-024,Weight Management for Athletes and Active Individuals: A Brief Review,運動員與活躍人口的體重管理：簡要回顧,Manore MM,https://doi.org/10.1007/s40279-015-0401-0,2015,2026-08-30,2026-08-30,moderate,indirect,verified,narrative_review,https://doi.org/10.1007/s40279-015-0401-0,Sports Medicine,11.0,"No new intervention; reviews energy-deficit approaches, rate of weight loss, and preservation of lean mass/performance during weight management","Brief narrative review of weight-management principles for athletes, mostly adult-derived",weight-management,"body-composition, performance","adult, competitive-athlete",general-sports,general-not-context-specific,"adult-evidence-applied-to-minors, needs-review"
EV-025,Youth Athlete Development and Nutrition,青少年運動員發展與營養,Desbrow B,https://doi.org/10.1007/s40279-021-01534-6,2021,2026-08-30,2026-08-30,high,direct,verified,narrative_review,https://doi.org/10.1007/s40279-021-01534-6,Sports Medicine,11.0,No new intervention; synthesizes evidence and gaps specific to nutrition needs of growing/developing young athletes,Narrative review specifically on nutrition for youth (child/adolescent) athletes across growth and development,"adolescent-growth, energy-requirements, protein","body-composition, performance","adolescent, children",general-sports,general-not-context-specific,"minor-safety, verified"
EV-026,Bone Health in Young Athletes: A Narrative Review of the Recent Literature,年輕運動員的骨骼健康：最新文獻的敘述性回顧,"Armento A, Heronemus M, Truong D, Swanson C",https://doi.org/10.1007/s11914-023-00796-5,2023,2026-08-30,2026-08-30,moderate,direct,verified,narrative_review,https://doi.org/10.1007/s11914-023-00796-5,Current Osteoporosis Reports,5.3,"No new intervention; reviews calcium, vitamin D, and energy-availability influences on bone accrual and stress-injury risk in young athletes","Narrative review of bone-health determinants (nutrition, training load, hormones) specifically in young/adolescent athletes","adolescent-growth, injury-recovery, iron-micronutrients","bone-health, injury-risk","adolescent, children",general-sports,general-not-context-specific,"minor-safety, verified"
EV-027,Nutrition and Athlete Bone Health,營養與運動員骨骼健康,"Sale C, Elliott-Sale KJ",https://doi.org/10.1007/s40279-019-01161-2,2019,2026-08-30,2026-08-30,high,partially-direct,verified,narrative_review,https://doi.org/10.1007/s40279-019-01161-2,Sports Medicine,11.0,"No new intervention; reviews calcium, vitamin D, energy availability, and dietary patterns affecting bone mineral density and stress-fracture risk","Comprehensive narrative review of nutrition-bone interactions across the athlete lifespan, predominantly adult data with some adolescent discussion","adolescent-growth, injury-recovery, iron-micronutrients","bone-health, injury-risk","adolescent, adult",general-sports,general-not-context-specific,"minor-safety, verified"
EV-028,Caffeine Use in Sport: A Systematic Review and Meta-analysis of Acute Side Effects and Implications for Athlete Health and Safety,運動中的咖啡因使用：急性副作用與對運動員健康與安全影響之系統性回顧與元分析,"Negaresh R, Al-Riyami SAA, Ghahfarrokhi MM, Del Coso J, Karimi Z, Yaghoobi M, Bagheri R",https://doi.org/10.1007/s40279-026-02441-4,2026,2026-08-30,2026-08-30,high,indirect,verified,meta_analysis,https://doi.org/10.1007/s40279-026-02441-4,Sports Medicine,11.0,"Acute caffeine ingestion vs. placebo; pooled side-effect incidence (e.g., anxiety, GI distress, sleep disruption)","Systematic review and meta-analysis of acute caffeine side-effect data pooled across sport/exercise trials, predominantly adult",competition-day-nutrition,"performance, safety-side-effects","adult, competitive-athlete",general-sports,"competition-day, pre-training","adult-evidence-applied-to-minors, minor-safety, needs-review"
EV-029,Caffeinated Drinks and Physical Performance in Sport: A Systematic Review,含咖啡因飲品與運動表現：系統性回顧,"Jiménez SL, Díaz-Lara J, Pareja-Galeano H, Del Coso J",https://doi.org/10.3390/nu13092944,2021,2026-08-30,2026-08-30,moderate,indirect,verified,systematic_review,https://doi.org/10.3390/nu13092944,Nutrients,4.8,"Caffeinated beverages (coffee, energy drinks) vs. placebo, effect on strength/endurance/team-sport performance","Systematic review of caffeinated-drink trials and physical-performance outcomes, predominantly adult participants",competition-day-nutrition,performance,"adult, competitive-athlete",general-sports,"competition-day, pre-training","adult-evidence-applied-to-minors, minor-safety, needs-review"
EV-030,Safety of Creatine Supplementation in Active Adolescents and Youth: A Brief Review,肌酸補充於活躍青少年與兒童中的安全性：簡要回顧,"Jagim AR, Stecker RA, Harty PS, Erickson JL, Kerksick CM",https://doi.org/10.3389/fnut.2018.00115,2018,2026-08-30,2026-08-30,limited,direct,verified,narrative_review,https://doi.org/10.3389/fnut.2018.00115,Frontiers in Nutrition,5.5,"Reviews the small existing body of pediatric/adolescent creatine trials for safety signals (renal, hepatic, growth)",Brief review specifically on creatine safety in active adolescents/youth (rare adolescent-specific supplement-safety literature),adolescent-growth,safety-side-effects,"adolescent, children",general-sports,general-not-context-specific,"minor-safety, needs-review"
EV-031,The Relationship between Vegetarian Diet and Sports Performance: A Systematic Review,素食與運動表現之關係：系統性回顧,"Hernández-Lougedo J, Maté-Muñoz JL, García-Fernández P, Úbedia-D'Ocasar E, Hervás-Pérez JP, Pedauyé-Rueda B",https://doi.org/10.3390/nu15214703,2023,2026-08-30,2026-08-30,limited,indirect,verified,systematic_review,https://doi.org/10.3390/nu15214703,Nutrients,4.8,"Vegetarian/vegan vs. omnivorous dietary patterns, compared for strength/endurance performance outcomes","Systematic review comparing vegetarian/vegan vs. omnivorous diets and sports-performance outcomes, predominantly adult","iron-micronutrients, protein",performance,"adult, competitive-athlete",general-sports,general-not-context-specific,needs-review
EV-032,The Effect of Diet and Dietary Supplements on Iron Status of Active Females: A Systematic Review and Meta-analysis of Interventional Trials,飲食與飲食補充劑對活躍女性鐵質狀態的影響：介入性試驗之系統性回顧與元分析,"McCarthy E, Pekler JP, Tran T, Deluca LE, Fresco T, Hampton-Marcell J, Penalver Bernabe B, Hamstra-Wright K, Koenig MD, Colegrove D, Tussing-Humphreys L",https://doi.org/10.1007/s40279-026-02464-x,2026,2026-08-30,2026-08-30,high,partially-direct,verified,meta_analysis,https://doi.org/10.1007/s40279-026-02464-x,Sports Medicine,11.0,"Dietary iron modification and/or iron supplementation, pooled effect on iron-status biomarkers (ferritin, hemoglobin) in active females",Systematic review and meta-analysis of interventional trials on diet/supplement effects on iron status in active females,iron-micronutrients,"performance, recovery","adult, competitive-athlete, female",general-sports,general-not-context-specific,"minor-safety, verified"
EV-033,"Optimizing Performance Nutrition for Adolescent Athletes: A Review of Dietary Needs, Risks, and Practical Strategies",優化青少年運動員的表現營養：飲食需求、風險與實務策略回顧,Everett S,https://doi.org/10.3390/nu17172792,2025,2026-08-30,2026-08-30,moderate,direct,verified,narrative_review,https://doi.org/10.3390/nu17172792,Nutrients,4.8,"No new intervention; synthesizes adolescent-specific dietary needs, common risks (LEA, disordered eating), and practical intake strategies","Narrative review specifically synthesizing adolescent athlete nutrition needs, risks, and practical strategies","RED-S-low-energy-availability, adolescent-growth, carbohydrate, energy-requirements, protein","body-composition, disordered-eating-risk, performance",adolescent,general-sports,general-not-context-specific,"minor-safety, verified"
EV-034,Improved Physical Performance of Elite Soccer Players Based on GPS Results After 4 Days of Carbohydrate Loading Followed by 3 Days of Low Carbohydrate Diet,頸尖足球選手在 4 天碳水化合物載入後接着 3 天低碳飲食，其 GPS 數據所顯示的體能改善,"Kazemi A, Racil G, Ahmadi Hekmatikar AH, Behnam Moghadam M, Karami P, Henselmans M",https://doi.org/10.1080/15502783.2023.2258837,2023,2026-08-30,2026-08-30,limited,partially-direct,verified,RCT,https://doi.org/10.1080/15502783.2023.2258837,Journal of the International Society of Sports Nutrition,4.9,"4 days carbohydrate loading followed by 3 days low-carbohydrate diet, vs. control diet, effect on GPS-tracked match physical performance","Randomized controlled trial in elite adult male soccer players (small sample), GPS-tracked match performance","carbohydrate, competition-day-nutrition","fatigue, performance","adult, elite-athlete, male",soccer,competition-day,verified
EV-035,"Iron Deficiency, Supplementation, and Sports Performance in Female Athletes: A Systematic Review",女性運動員的鐵質不足、補充與運動表現：系統性回顧,"Pengelly M, Pumpa K, Pyne DB, Etxebarria N",https://doi.org/10.1016/j.jshs.2024.101009,2025,2026-08-30,2026-08-30,high,partially-direct,verified,systematic_review,https://doi.org/10.1016/j.jshs.2024.101009,Journal of Sport and Health Science,13.1,"Iron supplementation vs. no supplementation/placebo in iron-deficient female athletes, effect on performance and iron biomarkers","Systematic review of iron deficiency, supplementation, and performance outcomes in female athletes, predominantly adult",iron-micronutrients,"performance, recovery","adult, competitive-athlete, female",general-sports,general-not-context-specific,"minor-safety, verified"
EV-036,Nutrition as a Missing Piece in the Development of Youth Male Soccer Players: A Scoping Review and Future Directions,營養作為青少年男性足球選手發展中缺失的一塊拼圖：範圍式回顧與未來方向,"Martinho D, Gonzalo-Skok O, Chamari K, Field A, Clemente F, Rebelo A, Gouveia É, Teixeira VH, Zmijewski P, Mendes P, Campos P, Sarmento H",https://doi.org/10.5114/biolsport.2025.151654,2026,2026-08-30,2026-08-30,moderate,direct,verified,scoping_review,https://doi.org/10.5114/biolsport.2025.151654,Biology of Sport,5.0,No intervention; maps existing youth male soccer nutrition literature and identifies research gaps,Scoping review of nutrition research specifically in youth (adolescent) male soccer players,"adolescent-growth, carbohydrate, energy-requirements","body-composition, performance","adolescent, competitive-athlete, male",soccer,general-not-context-specific,"minor-safety, verified"
EV-037,A Systematic Review and Meta-analysis of Carbohydrate Benefits Associated with Randomized Controlled Competition-based Performance Trials,碳水化合物在隨機對照比賽型表現試驗中益處之系統性回顧與元分析,"Pöchmüller M, Schwingshackl L, Colombani PC, Hoffmann G",https://doi.org/10.1186/s12970-016-0139-6,2016,2026-08-30,2026-08-30,high,partially-direct,verified,meta_analysis,https://doi.org/10.1186/s12970-016-0139-6,Journal of the International Society of Sports Nutrition,4.9,"Carbohydrate ingestion during exercise vs. placebo, pooled effect on competition-realistic performance trials","Systematic review and meta-analysis of RCTs testing carbohydrate ingestion in competition-based performance trials, predominantly adult endurance athletes","carbohydrate, competition-day-nutrition",performance,"adult, competitive-athlete",general-sports,"competition-day, during-training",verified
EV-038,Rethinking Energy Availability from Conceptual Models to Applied Practice: A Narrative Review,重新思考能量可用性：從概念模型到實務應用的敘述性回顧,"Espinar S, Sánchez-Fernández MA, Martin-Olmedo JJ, Rueda-Córdoba M, Jurado-Fasoli L",https://doi.org/10.3390/nu18030379,2026,2026-08-30,2026-08-30,moderate,partially-direct,verified,narrative_review,https://doi.org/10.3390/nu18030379,Nutrients,4.8,No new intervention; critiques and updates conceptual models of energy availability and their practical measurement/application,"Narrative/conceptual review of energy-availability models and their practical application, predominantly adult-derived","RED-S-low-energy-availability, energy-requirements","body-composition, performance","adult, competitive-athlete",general-sports,general-not-context-specific,needs-review
EV-039,Measurement of Energy Intake Using the Principle of Energy Balance Overcomes a Critical Limitation in the Assessment of Energy Availability,運用能量平衡原則測量熱量攝取，克服能量可用性評估中的關鍵限制,"Tarnowski CA, Wardle SL, O'Leary TJ, Gifford RM, Greeves JP, Wallis GA",https://doi.org/10.1186/s40798-023-00558-8,2023,2026-08-30,2026-08-30,moderate,indirect,verified,narrative_review,https://doi.org/10.1186/s40798-023-00558-8,Sports Medicine - Open,5.9,No new empirical intervention; proposes/validates an energy-balance method to estimate energy intake more accurately for energy-availability calculations,"Methodological/narrative review proposing an energy-balance-based approach to measuring energy intake for energy-availability assessment, adult (military/athlete) context","RED-S-low-energy-availability, energy-requirements",performance,adult,general-sports,general-not-context-specific,needs-review
EV-040,Acute and Residual Soccer Match-Related Fatigue: A Systematic Review and Meta-analysis,足球比賽相關的急性與殘留性疲勞：系統性回顧與元分析,"Silva JR, Rumpf MC, Hertzog M, Castagna C, Farooq A, Girard O, Hader K",https://doi.org/10.1007/s40279-017-0798-8,2018,2026-08-30,2026-08-30,high,partially-direct,verified,meta_analysis,https://doi.org/10.1007/s40279-017-0798-8,Sports Medicine,11.0,"No intervention; pools time-course data on fatigue markers (strength, sprint, jump, biochemical) after competitive soccer matches","Systematic review and meta-analysis of studies measuring acute and multi-day residual fatigue after soccer matches, predominantly adult/professional players",post-training-recovery,"fatigue, performance, recovery","adult, competitive-athlete, elite-athlete",soccer,"competition-day, post-training",verified
EV-041,Recommendations and Nutritional Considerations for Female Athletes: Health and Performance,女性運動員的營養建議與考量：健康與表現,"Holtzman B, Ackerman KE",https://doi.org/10.1007/s40279-021-01508-8,2021,2026-08-30,2026-08-30,moderate,partially-direct,verified,narrative_review,https://doi.org/10.1007/s40279-021-01508-8,Sports Medicine,11.0,"Narrative synthesis of nutrition-related health risks in female athletes, including low energy availability, menstrual dysfunction, bone health, and iron status, with practical screening and management recommendations","Narrative review (no primary sample; synthesizes RED-S, bone health, and iron literature in female athletes)","RED-S-low-energy-availability, energy-requirements, iron-micronutrients","bone-health, menstrual-endocrine-function, performance","adolescent, adult, competitive-athlete, female",general-sports,general-not-context-specific,"minor-safety, verified"
EV-042,"Effect of Plant Versus Animal Protein on Muscle Mass, Strength, Physical Performance, and Sarcopenia: A Systematic Review and Meta-analysis of Randomized Controlled Trials",植物性與動物性蛋白質對肌肉量、肌力、身體表現與肌少症影響之系統性回顧與統合分析,"Reid-McCann RJ, Brennan SF, Ward NA, Logan D, McKinley MC, McEvoy CT",https://doi.org/10.1093/nutrit/nuae200,2025,2026-08-30,2026-08-30,moderate,partially-direct,verified,meta_analysis,https://doi.org/10.1093/nutrit/nuae200,Nutrition Reviews,6.3,"Meta-analysis comparing plant-derived versus animal-derived dietary protein sources on muscle mass, strength, and physical performance outcomes across RCTs",Systematic review and meta-analysis of randomized controlled trials comparing plant vs. animal protein sources,protein,"body-composition, performance","adult, recreational-athlete",general-sports,general-not-context-specific,verified
EV-043,Effects of Omega-3 Supplementation on Inflammation and Recovery in Sports: A Meta-Analysis,Omega-3補充對運動發炎與恢復影響之統合分析,"Li Z, Zhang B",https://doi.org/10.1096/fj.202504783R,2026,2026-08-30,2026-08-30,moderate,partially-direct,verified,meta_analysis,https://doi.org/10.1096/fj.202504783R,The FASEB Journal,4.4,Meta-analysis of omega-3 fatty acid supplementation trials measuring inflammatory biomarkers and recovery-related outcomes after exercise,Meta-analysis of controlled trials examining omega-3 fatty acid supplementation and inflammatory/recovery markers in athletic populations,"injury-recovery, post-training-recovery","injury-risk, recovery","adult, competitive-athlete",general-sports,post-training,"adult-evidence-applied-to-minors, needs-review"
EV-044,Selected In-Season Nutritional Strategies to Enhance Recovery for Team Sport Athletes: A Practical Overview,團隊運動員賽季中促進恢復之營養策略：實務概覽,"Heaton LE, Davis JK, Rawson ES, Nuccio RP, Witard OC, Stein KW, Baar K, Carter JM, Baker LB",https://doi.org/10.1007/s40279-017-0759-2,2017,2026-08-30,2026-08-30,moderate,partially-direct,verified,narrative_review,https://doi.org/10.1007/s40279-017-0759-2,Sports Medicine,11.0,"Narrative synthesis of nutritional strategies (carbohydrate/protein timing, hydration, sleep-supportive nutrition) intended to enhance recovery between competitions during a team-sport season",Practical/narrative review synthesizing recovery nutrition strategies for in-season team sport athletes (no primary sample),"carbohydrate, post-training-recovery, protein, sleep-and-recovery","fatigue, performance, recovery","adult, competitive-athlete, elite-athlete","basketball, general-sports, soccer","during-training, post-training","adult-evidence-applied-to-minors, verified"
EV-045,"Nutrition Education and Behavioral Interventions in Youth Team-Sport and Related Development Settings: A Systematic Review of Nutrition Knowledge, Dietary Behaviors, Hydration, Body Composition, and Performance",青少年團隊運動及相關發展情境中之營養教育與行為介入：營養知識、飲食行為、水分補充、身體組成與表現之系統性回顧,"Victoria-Montesinos D, García-Muñoz AM, Mercader-Ros MT, Jaraba-Salinero Y, Figueroa-Morales F",https://doi.org/10.3389/fnut.2026.1939289,2026,2026-08-30,2026-08-30,moderate,partially-direct,verified,systematic_review,https://doi.org/10.3389/fnut.2026.1939289,Frontiers in Nutrition,5.5,"Systematic review of school- and club-based nutrition education and behavioral intervention programs targeting youth team-sport athletes, assessing changes in nutrition knowledge, dietary behavior, hydration practices, body composition, and performance",Systematic review of nutrition education / behavioral intervention studies in youth team-sport and youth development settings,"adolescent-growth, energy-requirements, hydration","body-composition, hydration-status, knowledge-behavior, performance","adolescent, children, competitive-athlete",general-sports,general-not-context-specific,"minor-safety, verified"
EV-046,General and Sport-Specific Nutrition Knowledge and Behaviors of Adolescent Athletes,青少年運動員之一般與專項營養知識與行為,"Gibbs RL, Becker TB",https://doi.org/10.1080/15502783.2025.2477060,2025,2026-08-30,2026-08-30,limited,partially-direct,verified,cross_sectional,https://doi.org/10.1080/15502783.2025.2477060,Journal of the International Society of Sports Nutrition,4.9,"Cross-sectional survey measuring adolescent athletes' general sports-nutrition knowledge, sport-specific nutrition knowledge, and self-reported dietary behaviors, examining gaps between knowledge and practice",Cross-sectional survey study of adolescent athletes assessing general and sport-specific nutrition knowledge and self-reported dietary behaviors,adolescent-growth,knowledge-behavior,"adolescent, competitive-athlete",general-sports,general-not-context-specific,"minor-safety, verified"
EV-047,Physiological Responses and Energy Expenditure During Competitive Fencing,競技擊劍過程中的生理反應與能量消耗〔擊劍專項證據缺口記錄〕,"Milia R, Roberto S, Pinna M, Palazzolo G, Sanna I, Omeri M, Piredda S, Migliaccio G, Concu A, Crisafulli A",https://doi.org/10.1139/apnm-2013-0221,2014,2026-08-30,2026-08-30,limited,insufficient,verified,cross_sectional,https://doi.org/10.1139/apnm-2013-0221,"Applied Physiology, Nutrition, and Metabolism",2.4,"Physiological monitoring (heart rate, oxygen uptake, energy expenditure estimation) of fencers during competitive bouts; not a nutrition intervention study","Small observational physiological-monitoring study of competitive fencers during simulated/actual bouts (n small, exact count not independently re-verified in this pass)",energy-requirements,"fatigue, performance","adult, competitive-athlete",fencing,competition-day,"adult-evidence-applied-to-minors, needs-review"
